Workbook

Sheet Data Entry
C4: Gage R&R | AK4: Categoria | AL4: Contagem | AM4: Percentual | AN4: ^2
H5: DATE: | I5: 45182 | J5: 09/08/2024 | AK5: NO GOOD | AL5: =COUNTIF($E$13:$AB$42,"NO GOOD") -> 0 | AM5: =AL5/AL7 -> #DIV/0! | AN5: =AM5^2 -> #DIV/0!
H6: NAME: | I6: Apenas um grande teste | AK6: GOOD | AL6: =COUNTIF($E$13:$AB$42,"GOOD") -> 0 | AM6: =AL6/AL7 -> #DIV/0! | AN6: =AM6^2 -> #DIV/0!
D7: GOOD | H7: PRODUCT: | I7: GP32H | AC7: All operators | AK7: Total | AL7: =AL5+AL6 -> 0 | AM7: =AM5+AM6 -> #DIV/0! | AN7: =AN5+AN6 -> #DIV/0!
D8: NO GOOD | H8: BUSINESS | I8: WISTRON | AC8: agree within and | AD8: All Operators
H9: Report Ref# : | I9: 2023 | J9: 2024 | AC9: between each | AD9: agree with
AC10: Other | AD10: standard
C11: Known Population | E11: No user | H11: No user | K11: No user | N11: No user | Q11: No user | T11: No user | W11: No user | Z11: No user | AC11: Y/N | AD11: Y/N
C12: Sample # | D12: Attribute | E12: Try #1 | F12: Try #2 | H12: Try #1 | I12: Try #2 | K12: Try #1 | L12: Try #2 | N12: Try #1 | O12: Try #2 | Q12: Try #1 | R12: Try #2 | T12: Try #1 | U12: Try #2 | W12: Try #1 | X12: Try #2 | Z12: Try #1 | AA12: Try #2 | AC12: Agree | AD12: Agree
C13: 1 | AC13: =IF(D13="","",IF(COUNTIF(E13:AB13, E13)=COUNTA(E13:AB13),1,0)) | AD13: =IF(D13="","",IF(COUNTIF(E13:AB13, D13)=0,1,0))
C14: 2 | AC14: =IF(D14="","",IF(COUNTIF(E14:AB14, E14)=COUNTA(E14:AB14),1,0)) | AD14: =IF(D14="","",IF(COUNTIF(E14:AB14, D14)=0,1,0))
C15: 3 | AC15: =IF(D15="","",IF(COUNTIF(E15:AB15, E15)=COUNTA(E15:AB15),1,0)) | AD15: =IF(D15="","",IF(COUNTIF(E15:AB15, D15)=0,1,0))
C16: 4 | AC16: =IF(D16="","",IF(COUNTIF(E16:AB16, E16)=COUNTA(E16:AB16),1,0)) | AD16: =IF(D16="","",IF(COUNTIF(E16:AB16, D16)=0,1,0))
C17: 5 | AC17: =IF(D17="","",IF(COUNTIF(E17:AB17, E17)=COUNTA(E17:AB17),1,0)) | AD17: =IF(D17="","",IF(COUNTIF(E17:AB17, D17)=0,1,0))
C18: 6 | AC18: =IF(D18="","",IF(COUNTIF(E18:AB18, E18)=COUNTA(E18:AB18),1,0)) | AD18: =IF(D18="","",IF(COUNTIF(E18:AB18, D18)=0,1,0))
C19: 7 | AC19: =IF(D19="","",IF(COUNTIF(E19:AB19, E19)=COUNTA(E19:AB19),1,0)) | AD19: =IF(D19="","",IF(COUNTIF(E19:AB19, D19)=0,1,0))
C20: 8 | AC20: =IF(D20="","",IF(COUNTIF(E20:AB20, E20)=COUNTA(E20:AB20),1,0)) | AD20: =IF(D20="","",IF(COUNTIF(E20:AB20, D20)=0,1,0))
C21: 9 | AC21: =IF(D21="","",IF(COUNTIF(E21:AB21, E21)=COUNTA(E21:AB21),1,0)) | AD21: =IF(D21="","",IF(COUNTIF(E21:AB21, D21)=0,1,0))
C22: 10 | AC22: =IF(D22="","",IF(COUNTIF(E22:AB22, E22)=COUNTA(E22:AB22),1,0)) | AD22: =IF(D22="","",IF(COUNTIF(E22:AB22, D22)=0,1,0))
C23: 11 | AC23: =IF(D23="","",IF(COUNTIF(E23:AB23, E23)=COUNTA(E23:AB23),1,0)) | AD23: =IF(D23="","",IF(COUNTIF(E23:AB23, D23)=0,1,0))
C24: 12 | AC24: =IF(D24="","",IF(COUNTIF(E24:AB24, E24)=COUNTA(E24:AB24),1,0)) | AD24: =IF(D24="","",IF(COUNTIF(E24:AB24, D24)=0,1,0))
... C42: 30 | AC42: =IF(D42="","",IF(COUNTIF(E42:AB42, E42)=COUNTA(E42:AB42),1,0)) | AD42: =IF(D42="","",IF(COUNTIF(E42:AB42, D42)=0,1,0))
C43: Total | D43: =COUNTA(D13:D42) -> 0 | AC43: =IF(E43="","",IF(#REF!="","",IF(#REF!,"Y","N"))) | AD43: =IF(F43="","",IF(#REF!="","",IF(#REF!,"Y","N")))
D44: % APPRAISER SCORE(1) -> | F44: =Calculation!F44 -> #DIV/0! | I44: =Calculation!I44 -> #DIV/0! | L44: =Calculation!L44 -> #DIV/0! | O44: =Calculation!O44 -> #DIV/0! | R44: =Calculation!R44 -> #DIV/0! | U44: =Calculation!U44 -> #DIV/0! | X44: =Calculation!X44 -> #DIV/0! | AA44: =Calculation!AA44 -> #DIV/0! | AC44: =SUM(AC13:AC42) -> 0
D45: % SCORE VS. ATTRIBUTE(2) -> | F45: =Calculation!F45 -> 0 | I45: =Calculation!I45 -> 0 | L45: =Calculation!L45 -> 0 | O45: =Calculation!O45 -> 0 | R45: =Calculation!R45 -> 0 | U45: =Calculation!U45 -> 0 | X45: =Calculation!X45 -> 0 | AA45: =Calculation!AA45 -> 0 | AC45: =AC44/D43 -> #DIV/0!
L47: SCREEN % EFFECTIVE SCORE(3) -> | M47: =IF((COUNTA(AC13:AC43)-COUNTBLANK(AC13:AC43))<=0,"",COUNTIF(AC13:AC43,"Y")/(COUNTA(AC13:AC43)-COUNTBLANK(AC13:AC43)))
L48: SCREEN % EFFECTIVE SCORE vs. ATTRIBUTE (4) -> | M48: =IF((COUNTA(AC13:AC42)-COUNTBLANK(AD13:AD42))<=0,"",COUNTIF(AD13:AD42,"Y")/(COUNTA(AC13:AC42)-COUNTBLANK(AD13:AD42)))
C50: Note:
C51: (1) | D51: Operator agrees with him/herself on both trials
C52: (2) | D52: Operator agrees on both trials with the known standard
C53: (3) | D53: All operators agreed within and between themselves
C54: (4) | D54: All operators agreed within and between themselves AND agreed with the known standard
C55: (5) | D55: Enter Pass/FALHA, Good/Bad, Accept/Reject or other labels which indicate status of inspection

Sheet Calculation
C4: Gage R&R | AF4: ='Data Entry'!AK4 -> Categoria | AG4: ='Data Entry'!AL4 -> Contagem | AH4: ='Data Entry'!AM4 -> Percentual | AI4: ='Data Entry'!AN4 -> ^2 | AJ4: Po | AK4: Pe | AL4: Kappa
H5: DATE: | I5: =IF('Data Entry'!I5="","",'Data Entry'!I5) -> 45182 | AF5: ='Data Entry'!AK5 -> NO GOOD | AG5: ='Data Entry'!AL5 -> 0 | AH5: ='Data Entry'!AM5 -> #DIV/0! | AI5: ='Data Entry'!AN5 -> #DIV/0! | AJ5: ='Data Entry'!AC45 -> #DIV/0! | AK5: =AI7 -> #DIV/0! | AL5: =(AJ5 - AK5) / (1 - AK5) -> #DIV/0!
H6: NAME: | I6: =IF('Data Entry'!I6="","",'Data Entry'!I6) -> Apenas um grande teste | AF6: ='Data Entry'!AK6 -> GOOD | AG6: ='Data Entry'!AL6 -> 0 | AH6: ='Data Entry'!AM6 -> #DIV/0! | AI6: ='Data Entry'!AN6 -> #DIV/0!
H7: PRODUCT: | I7: =IF('Data Entry'!I7="","",'Data Entry'!I7) -> GP32H | M7: False Negative | N7: False Positive | AC7: All operators | AF7: ='Data Entry'!AK7 -> Total | AG7: ='Data Entry'!AL7 -> 0 | AH7: ='Data Entry'!AM7 -> #DIV/0! | AI7: ='Data Entry'!AN7 -> #DIV/0!
H8: BUSINESS | I8: =IF('Data Entry'!I8="","",'Data Entry'!I8) -> WISTRON | AC8: agree within and | AD8: All Operators | AE8: quantity divergence
H9: Report Ref# : | I9: =IF('Data Entry'!I9="","",'Data Entry'!I9) -> 2023 | AC9: between each | AD9: agree with
AC10: Other | AD10: standard
C11: Known Population | E11: =IF('Data Entry'!E11:G11="","",'Data Entry'!E11:G11) -> No user | H11: =IF('Data Entry'!H11:J11="","",'Data Entry'!H11:J11) -> No user | K11: =IF('Data Entry'!K11:M11="","",'Data Entry'!K11:M11) -> No user | N11: =IF('Data Entry'!N11:P11="","",'Data Entry'!N11:P11) -> No user | Q11: =IF('Data Entry'!Q11:S11="","",'Data Entry'!Q11:S11) -> No user | T11: =IF('Data Entry'!T11:V11="","",'Data Entry'!T11:V11) -> No user | W11: =IF('Data Entry'!W11:Y11="","",'Data Entry'!W11:Y11) -> No user | Z11: =IF('Data Entry'!Z11:AB11="","",'Data Entry'!Z11:AB11) -> No user | AC11: Y/N | AD11: Y/N
C12: Sample # | D12: Attribute | E12: Try #1 | F12: Try #2 | H12: Try #1 | I12: Try #2 | K12: Try #1 | L12: Try #2 | N12: Try #1 | O12: Try #2 | Q12: Try #1 | R12: Try #2 | T12: Try #1 | U12: Try #2 | W12: Try #1 | X12: Try #2 | Z12: Try #1 | AA12: Try #2 | AC12: Agree | AD12: Agree
C13: 1 | D13: ='Data Entry'!D13 -> 0 | E13: =IF($E$11="","",IF('Data Entry'!E13="","",IF('Data Entry'!E13='Data Entry'!$D13,1,IF('Data Entry'!$D13="GOOD",0,-1)))) | F13: =IF($E$11="","",IF('Data Entry'!F13="","",IF('Data Entry'!F13='Data Entry'!$D13,1,IF('Data Entry'!$D13="GOOD",0,-1)))) | G13: =IF($E$11="","",IF('Data Entry'!G13="","",IF('Data Entry'!G13='Data Entry'!$D13,1,IF('Data Entry'!$D13="GOOD",0,-1)))) | H13: =IF($H$11="","",IF('Data Entry'!H13="","",IF('Data Entry'!H13='Data Entry'!$D13,1,IF('Data Entry'!$D13="GOOD",0,-1)))) | I13: =IF($H$11="","",IF('Data Entry'!I13="","",IF('Data Entry'!I13='Data Entry'!$D13,1,IF('Data Entry'!$D13="GOOD",0,-1)))) | J13: =IF($H$11="","",IF('Data Entry'!J13="","",IF('Data Entry'!J13='Data Entry'!$D13,1,IF('Data Entry'!$D13="GOOD",0,-1)))) | K13: =IF($H$11="","",IF('Data Entry'!K13="","",IF('Data Entry'!K13='Data Entry'!$D13,1,IF('Data Entry'!$D13="GOOD",0,-1)))) | L13: =IF($H$11="","",IF('Data Entry'!L13="","",IF('Data Entry'!L13='Data Entry'!$D13,1,IF('Data Entry'!$D13="GOOD",0,-1)))) | M13: =IF($H$11="","",IF('Data Entry'!M13="","",IF('Data Entry'!M13='Data Entry'!$D13,1,IF('Data Entry'!$D13="GOOD",0,-1)))) | N13: =IF($H$11="","",IF('Data Entry'!N13="","",IF('Data Entry'!N13='Data Entry'!$D13,1,IF('Data Entry'!$D13="GOOD",0,-1)))) | O13: =IF($H$11="","",IF('Data Entry'!O13="","",IF('Data Entry'!O13='Data Entry'!$D13,1,IF('Data Entry'!$D13="GOOD",0,-1)))) | ... AB13: =IF($H$11="","",IF('Data Entry'!AB13="","",IF('Data Entry'!AB13='Data Entry'!$D13,1,IF('Data Entry'!$D13="GOOD",0,-1)))) | AC13: ='Data Entry'!AC13 | AD13: ='Data Entry'!AD13 | AE13: {=SUMPRODUCT((E13:AB13<>1)*(E13:AB13<>""))} -> 0
C14: 2 | D14: ='Data Entry'!D14 -> 0 | E14: =IF($E$11="","",IF('Data Entry'!E14="","",IF('Data Entry'!E14='Data Entry'!$D14,1,IF('Data Entry'!$D14="GOOD",0,-1)))) | F14: =IF($E$11="","",IF('Data Entry'!F14="","",IF('Data Entry'!F14='Data Entry'!$D14,1,IF('Data Entry'!$D14="GOOD",0,-1)))) | G14: =IF($E$11="","",IF('Data Entry'!G14="","",IF('Data Entry'!G14='Data Entry'!$D14,1,IF('Data Entry'!$D14="GOOD",0,-1)))) | H14: =IF($H$11="","",IF('Data Entry'!H14="","",IF('Data Entry'!H14='Data Entry'!$D14,1,IF('Data Entry'!$D14="GOOD",0,-1)))) | I14: =IF($H$11="","",IF('Data Entry'!I14="","",IF('Data Entry'!I14='Data Entry'!$D14,1,IF('Data Entry'!$D14="GOOD",0,-1)))) | J14: =IF($H$11="","",IF('Data Entry'!J14="","",IF('Data Entry'!J14='Data Entry'!$D14,1,IF('Data Entry'!$D14="GOOD",0,-1)))) | K14: =IF($H$11="","",IF('Data Entry'!K14="","",IF('Data Entry'!K14='Data Entry'!$D14,1,IF('Data Entry'!$D14="GOOD",0,-1)))) | L14: =IF($H$11="","",IF('Data Entry'!L14="","",IF('Data Entry'!L14='Data Entry'!$D14,1,IF('Data Entry'!$D14="GOOD",0,-1)))) | M14: =IF($H$11="","",IF('Data Entry'!M14="","",IF('Data Entry'!M14='Data Entry'!$D14,1,IF('Data Entry'!$D14="GOOD",0,-1)))) | N14: =IF($H$11="","",IF('Data Entry'!N14="","",IF('Data Entry'!N14='Data Entry'!$D14,1,IF('Data Entry'!$D14="GOOD",0,-1)))) | O14: =IF($H$11="","",IF('Data Entry'!O14="","",IF('Data Entry'!O14='Data Entry'!$D14,1,IF('Data Entry'!$D14="GOOD",0,-1)))) | ... AB14: =IF($H$11="","",IF('Data Entry'!AB14="","",IF('Data Entry'!AB14='Data Entry'!$D14,1,IF('Data Entry'!$D14="GOOD",0,-1)))) | AC14: ='Data Entry'!AC14 | AD14: ='Data Entry'!AD14 | AE14: {=SUMPRODUCT((E14:AB14<>1)*(E14:AB14<>""))} -> 0
C15: 3 | D15: ='Data Entry'!D15 -> 0 | E15: =IF($E$11="","",IF('Data Entry'!E15="","",IF('Data Entry'!E15='Data Entry'!$D15,1,IF('Data Entry'!$D15="GOOD",0,-1)))) | F15: =IF($E$11="","",IF('Data Entry'!F15="","",IF('Data Entry'!F15='Data Entry'!$D15,1,IF('Data Entry'!$D15="GOOD",0,-1)))) | G15: =IF($E$11="","",IF('Data Entry'!G15="","",IF('Data Entry'!G15='Data Entry'!$D15,1,IF('Data Entry'!$D15="GOOD",0,-1)))) | H15: =IF($H$11="","",IF('Data Entry'!H15="","",IF('Data Entry'!H15='Data Entry'!$D15,1,IF('Data Entry'!$D15="GOOD",0,-1)))) | I15: =IF($H$11="","",IF('Data Entry'!I15="","",IF('Data Entry'!I15='Data Entry'!$D15,1,IF('Data Entry'!$D15="GOOD",0,-1)))) | J15: =IF($H$11="","",IF('Data Entry'!J15="","",IF('Data Entry'!J15='Data Entry'!$D15,1,IF('Data Entry'!$D15="GOOD",0,-1)))) | K15: =IF($H$11="","",IF('Data Entry'!K15="","",IF('Data Entry'!K15='Data Entry'!$D15,1,IF('Data Entry'!$D15="GOOD",0,-1)))) | L15: =IF($H$11="","",IF('Data Entry'!L15="","",IF('Data Entry'!L15='Data Entry'!$D15,1,IF('Data Entry'!$D15="GOOD",0,-1)))) | M15: =IF($H$11="","",IF('Data Entry'!M15="","",IF('Data Entry'!M15='Data Entry'!$D15,1,IF('Data Entry'!$D15="GOOD",0,-1)))) | N15: =IF($H$11="","",IF('Data Entry'!N15="","",IF('Data Entry'!N15='Data Entry'!$D15,1,IF('Data Entry'!$D15="GOOD",0,-1)))) | O15: =IF($H$11="","",IF('Data Entry'!O15="","",IF('Data Entry'!O15='Data Entry'!$D15,1,IF('Data Entry'!$D15="GOOD",0,-1)))) | ... AB15: =IF($H$11="","",IF('Data Entry'!AB15="","",IF('Data Entry'!AB15='Data Entry'!$D15,1,IF('Data Entry'!$D15="GOOD",0,-1)))) | AC15: ='Data Entry'!AC15 | AD15: ='Data Entry'!AD15 | AE15: {=SUMPRODUCT((E15:AB15<>1)*(E15:AB15<>""))} -> 0
C16: 4 | D16: ='Data Entry'!D16 -> 0 | E16: =IF($E$11="","",IF('Data Entry'!E16="","",IF('Data Entry'!E16='Data Entry'!$D16,1,IF('Data Entry'!$D16="GOOD",0,-1)))) | F16: =IF($E$11="","",IF('Data Entry'!F16="","",IF('Data Entry'!F16='Data Entry'!$D16,1,IF('Data Entry'!$D16="GOOD",0,-1)))) | G16: =IF($E$11="","",IF('Data Entry'!G16="","",IF('Data Entry'!G16='Data Entry'!$D16,1,IF('Data Entry'!$D16="GOOD",0,-1)))) | H16: =IF($H$11="","",IF('Data Entry'!H16="","",IF('Data Entry'!H16='Data Entry'!$D16,1,IF('Data Entry'!$D16="GOOD",0,-1)))) | I16: =IF($H$11="","",IF('Data Entry'!I16="","",IF('Data Entry'!I16='Data Entry'!$D16,1,IF('Data Entry'!$D16="GOOD",0,-1)))) | J16: =IF($H$11="","",IF('Data Entry'!J16="","",IF('Data Entry'!J16='Data Entry'!$D16,1,IF('Data Entry'!$D16="GOOD",0,-1)))) | K16: =IF($H$11="","",IF('Data Entry'!K16="","",IF('Data Entry'!K16='Data Entry'!$D16,1,IF('Data Entry'!$D16="GOOD",0,-1)))) | L16: =IF($H$11="","",IF('Data Entry'!L16="","",IF('Data Entry'!L16='Data Entry'!$D16,1,IF('Data Entry'!$D16="GOOD",0,-1)))) | M16: =IF($H$11="","",IF('Data Entry'!M16="","",IF('Data Entry'!M16='Data Entry'!$D16,1,IF('Data Entry'!$D16="GOOD",0,-1)))) | N16: =IF($H$11="","",IF('Data Entry'!N16="","",IF('Data Entry'!N16='Data Entry'!$D16,1,IF('Data Entry'!$D16="GOOD",0,-1)))) | O16: =IF($H$11="","",IF('Data Entry'!O16="","",IF('Data Entry'!O16='Data Entry'!$D16,1,IF('Data Entry'!$D16="GOOD",0,-1)))) | ... AB16: =IF($H$11="","",IF('Data Entry'!AB16="","",IF('Data Entry'!AB16='Data Entry'!$D16,1,IF('Data Entry'!$D16="GOOD",0,-1)))) | AC16: ='Data Entry'!AC16 | AD16: ='Data Entry'!AD16 | AE16: {=SUMPRODUCT((E16:AB16<>1)*(E16:AB16<>""))} -> 0
C17: 5 | D17: ='Data Entry'!D17 -> 0 | E17: =IF($E$11="","",IF('Data Entry'!E17="","",IF('Data Entry'!E17='Data Entry'!$D17,1,IF('Data Entry'!$D17="GOOD",0,-1)))) | F17: =IF($E$11="","",IF('Data Entry'!F17="","",IF('Data Entry'!F17='Data Entry'!$D17,1,IF('Data Entry'!$D17="GOOD",0,-1)))) | G17: =IF($E$11="","",IF('Data Entry'!G17="","",IF('Data Entry'!G17='Data Entry'!$D17,1,IF('Data Entry'!$D17="GOOD",0,-1)))) | H17: =IF($H$11="","",IF('Data Entry'!H17="","",IF('Data Entry'!H17='Data Entry'!$D17,1,IF('Data Entry'!$D17="GOOD",0,-1)))) | I17: =IF($H$11="","",IF('Data Entry'!I17="","",IF('Data Entry'!I17='Data Entry'!$D17,1,IF('Data Entry'!$D17="GOOD",0,-1)))) | J17: =IF($H$11="","",IF('Data Entry'!J17="","",IF('Data Entry'!J17='Data Entry'!$D17,1,IF('Data Entry'!$D17="GOOD",0,-1)))) | K17: =IF($H$11="","",IF('Data Entry'!K17="","",IF('Data Entry'!K17='Data Entry'!$D17,1,IF('Data Entry'!$D17="GOOD",0,-1)))) | L17: =IF($H$11="","",IF('Data Entry'!L17="","",IF('Data Entry'!L17='Data Entry'!$D17,1,IF('Data Entry'!$D17="GOOD",0,-1)))) | M17: =IF($H$11="","",IF('Data Entry'!M17="","",IF('Data Entry'!M17='Data Entry'!$D17,1,IF('Data Entry'!$D17="GOOD",0,-1)))) | N17: =IF($H$11="","",IF('Data Entry'!N17="","",IF('Data Entry'!N17='Data Entry'!$D17,1,IF('Data Entry'!$D17="GOOD",0,-1)))) | O17: =IF($H$11="","",IF('Data Entry'!O17="","",IF('Data Entry'!O17='Data Entry'!$D17,1,IF('Data Entry'!$D17="GOOD",0,-1)))) | ... AB17: =IF($H$11="","",IF('Data Entry'!AB17="","",IF('Data Entry'!AB17='Data Entry'!$D17,1,IF('Data Entry'!$D17="GOOD",0,-1)))) | AC17: ='Data Entry'!AC17 | AD17: ='Data Entry'!AD17 | AE17: {=SUMPRODUCT((E17:AB17<>1)*(E17:AB17<>""))} -> 0
C18: 6 | D18: ='Data Entry'!D18 -> 0 | E18: =IF($E$11="","",IF('Data Entry'!E18="","",IF('Data Entry'!E18='Data Entry'!$D18,1,IF('Data Entry'!$D18="GOOD",0,-1)))) | F18: =IF($E$11="","",IF('Data Entry'!F18="","",IF('Data Entry'!F18='Data Entry'!$D18,1,IF('Data Entry'!$D18="GOOD",0,-1)))) | G18: =IF($E$11="","",IF('Data Entry'!G18="","",IF('Data Entry'!G18='Data Entry'!$D18,1,IF('Data Entry'!$D18="GOOD",0,-1)))) | H18: =IF($H$11="","",IF('Data Entry'!H18="","",IF('Data Entry'!H18='Data Entry'!$D18,1,IF('Data Entry'!$D18="GOOD",0,-1)))) | I18: =IF($H$11="","",IF('Data Entry'!I18="","",IF('Data Entry'!I18='Data Entry'!$D18,1,IF('Data Entry'!$D18="GOOD",0,-1)))) | J18: =IF($H$11="","",IF('Data Entry'!J18="","",IF('Data Entry'!J18='Data Entry'!$D18,1,IF('Data Entry'!$D18="GOOD",0,-1)))) | K18: =IF($H$11="","",IF('Data Entry'!K18="","",IF('Data Entry'!K18='Data Entry'!$D18,1,IF('Data Entry'!$D18="GOOD",0,-1)))) | L18: =IF($H$11="","",IF('Data Entry'!L18="","",IF('Data Entry'!L18='Data Entry'!$D18,1,IF('Data Entry'!$D18="GOOD",0,-1)))) | M18: =IF($H$11="","",IF('Data Entry'!M18="","",IF('Data Entry'!M18='Data Entry'!$D18,1,IF('Data Entry'!$D18="GOOD",0,-1)))) | N18: =IF($H$11="","",IF('Data Entry'!N18="","",IF('Data Entry'!N18='Data Entry'!$D18,1,IF('Data Entry'!$D18="GOOD",0,-1)))) | O18: =IF($H$11="","",IF('Data Entry'!O18="","",IF('Data Entry'!O18='Data Entry'!$D18,1,IF('Data Entry'!$D18="GOOD",0,-1)))) | ... AB18: =IF($H$11="","",IF('Data Entry'!AB18="","",IF('Data Entry'!AB18='Data Entry'!$D18,1,IF('Data Entry'!$D18="GOOD",0,-1)))) | AC18: ='Data Entry'!AC18 | AD18: ='Data Entry'!AD18 | AE18: {=SUMPRODUCT((E18:AB18<>1)*(E18:AB18<>""))} -> 0
C19: 7 | D19: ='Data Entry'!D19 -> 0 | E19: =IF($E$11="","",IF('Data Entry'!E19="","",IF('Data Entry'!E19='Data Entry'!$D19,1,IF('Data Entry'!$D19="GOOD",0,-1)))) | F19: =IF($E$11="","",IF('Data Entry'!F19="","",IF('Data Entry'!F19='Data Entry'!$D19,1,IF('Data Entry'!$D19="GOOD",0,-1)))) | G19: =IF($E$11="","",IF('Data Entry'!G19="","",IF('Data Entry'!G19='Data Entry'!$D19,1,IF('Data Entry'!$D19="GOOD",0,-1)))) | H19: =IF($H$11="","",IF('Data Entry'!H19="","",IF('Data Entry'!H19='Data Entry'!$D19,1,IF('Data Entry'!$D19="GOOD",0,-1)))) | I19: =IF($H$11="","",IF('Data Entry'!I19="","",IF('Data Entry'!I19='Data Entry'!$D19,1,IF('Data Entry'!$D19="GOOD",0,-1)))) | J19: =IF($H$11="","",IF('Data Entry'!J19="","",IF('Data Entry'!J19='Data Entry'!$D19,1,IF('Data Entry'!$D19="GOOD",0,-1)))) | K19: =IF($H$11="","",IF('Data Entry'!K19="","",IF('Data Entry'!K19='Data Entry'!$D19,1,IF('Data Entry'!$D19="GOOD",0,-1)))) | L19: =IF($H$11="","",IF('Data Entry'!L19="","",IF('Data Entry'!L19='Data Entry'!$D19,1,IF('Data Entry'!$D19="GOOD",0,-1)))) | M19: =IF($H$11="","",IF('Data Entry'!M19="","",IF('Data Entry'!M19='Data Entry'!$D19,1,IF('Data Entry'!$D19="GOOD",0,-1)))) | N19: =IF($H$11="","",IF('Data Entry'!N19="","",IF('Data Entry'!N19='Data Entry'!$D19,1,IF('Data Entry'!$D19="GOOD",0,-1)))) | O19: =IF($H$11="","",IF('Data Entry'!O19="","",IF('Data Entry'!O19='Data Entry'!$D19,1,IF('Data Entry'!$D19="GOOD",0,-1)))) | ... AB19: =IF($H$11="","",IF('Data Entry'!AB19="","",IF('Data Entry'!AB19='Data Entry'!$D19,1,IF('Data Entry'!$D19="GOOD",0,-1)))) | AC19: ='Data Entry'!AC19 | AD19: ='Data Entry'!AD19 | AE19: {=SUMPRODUCT((E19:AB19<>1)*(E19:AB19<>""))} -> 0
C20: 8 | D20: ='Data Entry'!D20 -> 0 | E20: =IF($E$11="","",IF('Data Entry'!E20="","",IF('Data Entry'!E20='Data Entry'!$D20,1,IF('Data Entry'!$D20="GOOD",0,-1)))) | F20: =IF($E$11="","",IF('Data Entry'!F20="","",IF('Data Entry'!F20='Data Entry'!$D20,1,IF('Data Entry'!$D20="GOOD",0,-1)))) | G20: =IF($E$11="","",IF('Data Entry'!G20="","",IF('Data Entry'!G20='Data Entry'!$D20,1,IF('Data Entry'!$D20="GOOD",0,-1)))) | H20: =IF($H$11="","",IF('Data Entry'!H20="","",IF('Data Entry'!H20='Data Entry'!$D20,1,IF('Data Entry'!$D20="GOOD",0,-1)))) | I20: =IF($H$11="","",IF('Data Entry'!I20="","",IF('Data Entry'!I20='Data Entry'!$D20,1,IF('Data Entry'!$D20="GOOD",0,-1)))) | J20: =IF($H$11="","",IF('Data Entry'!J20="","",IF('Data Entry'!J20='Data Entry'!$D20,1,IF('Data Entry'!$D20="GOOD",0,-1)))) | K20: =IF($H$11="","",IF('Data Entry'!K20="","",IF('Data Entry'!K20='Data Entry'!$D20,1,IF('Data Entry'!$D20="GOOD",0,-1)))) | L20: =IF($H$11="","",IF('Data Entry'!L20="","",IF('Data Entry'!L20='Data Entry'!$D20,1,IF('Data Entry'!$D20="GOOD",0,-1)))) | M20: =IF($H$11="","",IF('Data Entry'!M20="","",IF('Data Entry'!M20='Data Entry'!$D20,1,IF('Data Entry'!$D20="GOOD",0,-1)))) | N20: =IF($H$11="","",IF('Data Entry'!N20="","",IF('Data Entry'!N20='Data Entry'!$D20,1,IF('Data Entry'!$D20="GOOD",0,-1)))) | O20: =IF($H$11="","",IF('Data Entry'!O20="","",IF('Data Entry'!O20='Data Entry'!$D20,1,IF('Data Entry'!$D20="GOOD",0,-1)))) | ... AB20: =IF($H$11="","",IF('Data Entry'!AB20="","",IF('Data Entry'!AB20='Data Entry'!$D20,1,IF('Data Entry'!$D20="GOOD",0,-1)))) | AC20: ='Data Entry'!AC20 | AD20: ='Data Entry'!AD20 | AE20: {=SUMPRODUCT((E20:AB20<>1)*(E20:AB20<>""))} -> 0
C21: 9 | D21: ='Data Entry'!D21 -> 0 | E21: =IF($E$11="","",IF('Data Entry'!E21="","",IF('Data Entry'!E21='Data Entry'!$D21,1,IF('Data Entry'!$D21="GOOD",0,-1)))) | F21: =IF($E$11="","",IF('Data Entry'!F21="","",IF('Data Entry'!F21='Data Entry'!$D21,1,IF('Data Entry'!$D21="GOOD",0,-1)))) | G21: =IF($E$11="","",IF('Data Entry'!G21="","",IF('Data Entry'!G21='Data Entry'!$D21,1,IF('Data Entry'!$D21="GOOD",0,-1)))) | H21: =IF($H$11="","",IF('Data Entry'!H21="","",IF('Data Entry'!H21='Data Entry'!$D21,1,IF('Data Entry'!$D21="GOOD",0,-1)))) | I21: =IF($H$11="","",IF('Data Entry'!I21="","",IF('Data Entry'!I21='Data Entry'!$D21,1,IF('Data Entry'!$D21="GOOD",0,-1)))) | J21: =IF($H$11="","",IF('Data Entry'!J21="","",IF('Data Entry'!J21='Data Entry'!$D21,1,IF('Data Entry'!$D21="GOOD",0,-1)))) | K21: =IF($H$11="","",IF('Data Entry'!K21="","",IF('Data Entry'!K21='Data Entry'!$D21,1,IF('Data Entry'!$D21="GOOD",0,-1)))) | L21: =IF($H$11="","",IF('Data Entry'!L21="","",IF('Data Entry'!L21='Data Entry'!$D21,1,IF('Data Entry'!$D21="GOOD",0,-1)))) | M21: =IF($H$11="","",IF('Data Entry'!M21="","",IF('Data Entry'!M21='Data Entry'!$D21,1,IF('Data Entry'!$D21="GOOD",0,-1)))) | N21: =IF($H$11="","",IF('Data Entry'!N21="","",IF('Data Entry'!N21='Data Entry'!$D21,1,IF('Data Entry'!$D21="GOOD",0,-1)))) | O21: =IF($H$11="","",IF('Data Entry'!O21="","",IF('Data Entry'!O21='Data Entry'!$D21,1,IF('Data Entry'!$D21="GOOD",0,-1)))) | ... AB21: =IF($H$11="","",IF('Data Entry'!AB21="","",IF('Data Entry'!AB21='Data Entry'!$D21,1,IF('Data Entry'!$D21="GOOD",0,-1)))) | AC21: ='Data Entry'!AC21 | AD21: ='Data Entry'!AD21 | AE21: {=SUMPRODUCT((E21:AB21<>1)*(E21:AB21<>""))} -> 0
C22: 10 | D22: ='Data Entry'!D22 -> 0 | E22: =IF($E$11="","",IF('Data Entry'!E22="","",IF('Data Entry'!E22='Data Entry'!$D22,1,IF('Data Entry'!$D22="GOOD",0,-1)))) | F22: =IF($E$11="","",IF('Data Entry'!F22="","",IF('Data Entry'!F22='Data Entry'!$D22,1,IF('Data Entry'!$D22="GOOD",0,-1)))) | G22: =IF($E$11="","",IF('Data Entry'!G22="","",IF('Data Entry'!G22='Data Entry'!$D22,1,IF('Data Entry'!$D22="GOOD",0,-1)))) | H22: =IF($H$11="","",IF('Data Entry'!H22="","",IF('Data Entry'!H22='Data Entry'!$D22,1,IF('Data Entry'!$D22="GOOD",0,-1)))) | I22: =IF($H$11="","",IF('Data Entry'!I22="","",IF('Data Entry'!I22='Data Entry'!$D22,1,IF('Data Entry'!$D22="GOOD",0,-1)))) | J22: =IF($H$11="","",IF('Data Entry'!J22="","",IF('Data Entry'!J22='Data Entry'!$D22,1,IF('Data Entry'!$D22="GOOD",0,-1)))) | K22: =IF($H$11="","",IF('Data Entry'!K22="","",IF('Data Entry'!K22='Data Entry'!$D22,1,IF('Data Entry'!$D22="GOOD",0,-1)))) | L22: =IF($H$11="","",IF('Data Entry'!L22="","",IF('Data Entry'!L22='Data Entry'!$D22,1,IF('Data Entry'!$D22="GOOD",0,-1)))) | M22: =IF($H$11="","",IF('Data Entry'!M22="","",IF('Data Entry'!M22='Data Entry'!$D22,1,IF('Data Entry'!$D22="GOOD",0,-1)))) | N22: =IF($H$11="","",IF('Data Entry'!N22="","",IF('Data Entry'!N22='Data Entry'!$D22,1,IF('Data Entry'!$D22="GOOD",0,-1)))) | O22: =IF($H$11="","",IF('Data Entry'!O22="","",IF('Data Entry'!O22='Data Entry'!$D22,1,IF('Data Entry'!$D22="GOOD",0,-1)))) | ... AB22: =IF($H$11="","",IF('Data Entry'!AB22="","",IF('Data Entry'!AB22='Data Entry'!$D22,1,IF('Data Entry'!$D22="GOOD",0,-1)))) | AC22: ='Data Entry'!AC22 | AD22: ='Data Entry'!AD22 | AE22: {=SUMPRODUCT((E22:AB22<>1)*(E22:AB22<>""))} -> 0
C23: 11 | D23: ='Data Entry'!D23 -> 0 | E23: =IF($E$11="","",IF('Data Entry'!E23="","",IF('Data Entry'!E23='Data Entry'!$D23,1,IF('Data Entry'!$D23="GOOD",0,-1)))) | F23: =IF($E$11="","",IF('Data Entry'!F23="","",IF('Data Entry'!F23='Data Entry'!$D23,1,IF('Data Entry'!$D23="GOOD",0,-1)))) | G23: =IF($E$11="","",IF('Data Entry'!G23="","",IF('Data Entry'!G23='Data Entry'!$D23,1,IF('Data Entry'!$D23="GOOD",0,-1)))) | H23: =IF($H$11="","",IF('Data Entry'!H23="","",IF('Data Entry'!H23='Data Entry'!$D23,1,IF('Data Entry'!$D23="GOOD",0,-1)))) | I23: =IF($H$11="","",IF('Data Entry'!I23="","",IF('Data Entry'!I23='Data Entry'!$D23,1,IF('Data Entry'!$D23="GOOD",0,-1)))) | J23: =IF($H$11="","",IF('Data Entry'!J23="","",IF('Data Entry'!J23='Data Entry'!$D23,1,IF('Data Entry'!$D23="GOOD",0,-1)))) | K23: =IF($H$11="","",IF('Data Entry'!K23="","",IF('Data Entry'!K23='Data Entry'!$D23,1,IF('Data Entry'!$D23="GOOD",0,-1)))) | L23: =IF($H$11="","",IF('Data Entry'!L23="","",IF('Data Entry'!L23='Data Entry'!$D23,1,IF('Data Entry'!$D23="GOOD",0,-1)))) | M23: =IF($H$11="","",IF('Data Entry'!M23="","",IF('Data Entry'!M23='Data Entry'!$D23,1,IF('Data Entry'!$D23="GOOD",0,-1)))) | N23: =IF($H$11="","",IF('Data Entry'!N23="","",IF('Data Entry'!N23='Data Entry'!$D23,1,IF('Data Entry'!$D23="GOOD",0,-1)))) | O23: =IF($H$11="","",IF('Data Entry'!O23="","",IF('Data Entry'!O23='Data Entry'!$D23,1,IF('Data Entry'!$D23="GOOD",0,-1)))) | ... AB23: =IF($H$11="","",IF('Data Entry'!AB23="","",IF('Data Entry'!AB23='Data Entry'!$D23,1,IF('Data Entry'!$D23="GOOD",0,-1)))) | AC23: ='Data Entry'!AC23 | AD23: ='Data Entry'!AD23 | AE23: {=SUMPRODUCT((E23:AB23<>1)*(E23:AB23<>""))} -> 0
C24: 12 | D24: ='Data Entry'!D24 -> 0 | E24: =IF($E$11="","",IF('Data Entry'!E24="","",IF('Data Entry'!E24='Data Entry'!$D24,1,IF('Data Entry'!$D24="GOOD",0,-1)))) | F24: =IF($E$11="","",IF('Data Entry'!F24="","",IF('Data Entry'!F24='Data Entry'!$D24,1,IF('Data Entry'!$D24="GOOD",0,-1)))) | G24: =IF($E$11="","",IF('Data Entry'!G24="","",IF('Data Entry'!G24='Data Entry'!$D24,1,IF('Data Entry'!$D24="GOOD",0,-1)))) | H24: =IF($H$11="","",IF('Data Entry'!H24="","",IF('Data Entry'!H24='Data Entry'!$D24,1,IF('Data Entry'!$D24="GOOD",0,-1)))) | I24: =IF($H$11="","",IF('Data Entry'!I24="","",IF('Data Entry'!I24='Data Entry'!$D24,1,IF('Data Entry'!$D24="GOOD",0,-1)))) | J24: =IF($H$11="","",IF('Data Entry'!J24="","",IF('Data Entry'!J24='Data Entry'!$D24,1,IF('Data Entry'!$D24="GOOD",0,-1)))) | K24: =IF($H$11="","",IF('Data Entry'!K24="","",IF('Data Entry'!K24='Data Entry'!$D24,1,IF('Data Entry'!$D24="GOOD",0,-1)))) | L24: =IF($H$11="","",IF('Data Entry'!L24="","",IF('Data Entry'!L24='Data Entry'!$D24,1,IF('Data Entry'!$D24="GOOD",0,-1)))) | M24: =IF($H$11="","",IF('Data Entry'!M24="","",IF('Data Entry'!M24='Data Entry'!$D24,1,IF('Data Entry'!$D24="GOOD",0,-1)))) | N24: =IF($H$11="","",IF('Data Entry'!N24="","",IF('Data Entry'!N24='Data Entry'!$D24,1,IF('Data Entry'!$D24="GOOD",0,-1)))) | O24: =IF($H$11="","",IF('Data Entry'!O24="","",IF('Data Entry'!O24='Data Entry'!$D24,1,IF('Data Entry'!$D24="GOOD",0,-1)))) | ... AB24: =IF($H$11="","",IF('Data Entry'!AB24="","",IF('Data Entry'!AB24='Data Entry'!$D24,1,IF('Data Entry'!$D24="GOOD",0,-1)))) | AC24: ='Data Entry'!AC24 | AD24: ='Data Entry'!AD24 | AE24: {=SUMPRODUCT((E24:AB24<>1)*(E24:AB24<>""))} -> 0
... C42: 30 | D42: ='Data Entry'!D42 -> 0 | E42: =IF($E$11="","",IF('Data Entry'!E42="","",IF('Data Entry'!E42='Data Entry'!$D42,1,IF('Data Entry'!$D42="GOOD",0,-1)))) | F42: =IF($E$11="","",IF('Data Entry'!F42="","",IF('Data Entry'!F42='Data Entry'!$D42,1,IF('Data Entry'!$D42="GOOD",0,-1)))) | G42: =IF($E$11="","",IF('Data Entry'!G42="","",IF('Data Entry'!G42='Data Entry'!$D42,1,IF('Data Entry'!$D42="GOOD",0,-1)))) | H42: =IF($H$11="","",IF('Data Entry'!H42="","",IF('Data Entry'!H42='Data Entry'!$D42,1,IF('Data Entry'!$D42="GOOD",0,-1)))) | I42: =IF($H$11="","",IF('Data Entry'!I42="","",IF('Data Entry'!I42='Data Entry'!$D42,1,IF('Data Entry'!$D42="GOOD",0,-1)))) | J42: =IF($H$11="","",IF('Data Entry'!J42="","",IF('Data Entry'!J42='Data Entry'!$D42,1,IF('Data Entry'!$D42="GOOD",0,-1)))) | K42: =IF($H$11="","",IF('Data Entry'!K42="","",IF('Data Entry'!K42='Data Entry'!$D42,1,IF('Data Entry'!$D42="GOOD",0,-1)))) | L42: =IF($H$11="","",IF('Data Entry'!L42="","",IF('Data Entry'!L42='Data Entry'!$D42,1,IF('Data Entry'!$D42="GOOD",0,-1)))) | M42: =IF($H$11="","",IF('Data Entry'!M42="","",IF('Data Entry'!M42='Data Entry'!$D42,1,IF('Data Entry'!$D42="GOOD",0,-1)))) | N42: =IF($H$11="","",IF('Data Entry'!N42="","",IF('Data Entry'!N42='Data Entry'!$D42,1,IF('Data Entry'!$D42="GOOD",0,-1)))) | O42: =IF($H$11="","",IF('Data Entry'!O42="","",IF('Data Entry'!O42='Data Entry'!$D42,1,IF('Data Entry'!$D42="GOOD",0,-1)))) | ... AB42: =IF($H$11="","",IF('Data Entry'!AB42="","",IF('Data Entry'!AB42='Data Entry'!$D42,1,IF('Data Entry'!$D42="GOOD",0,-1)))) | AC42: ='Data Entry'!AC42 | AD42: ='Data Entry'!AD42 | AE42: {=SUMPRODUCT((E42:AB42<>1)*(E42:AB42<>""))} -> 0
C43: ='Data Entry'!C43 -> Total | D43: ='Data Entry'!D43 -> 0 | AC43: =IF(E43="","",IF(#REF!="","",IF(#REF!,"Y","N"))) | AD43: =IF(F43="","",IF(#REF!="","",IF(#REF!,"Y","N")))
D44: % APPRAISER SCORE(1) -> | F44: =COUNTIF(E13:G42,">0")/($D$43*2) -> #DIV/0! | I44: =COUNTIF(H13:J42,">0")/($D$43*2) -> #DIV/0! | L44: =COUNTIF(K13:M42,">0")/($D$43*2) -> #DIV/0! | O44: =COUNTIF(N13:P42,">0")/($D$43*2) -> #DIV/0! | R44: =COUNTIF(Q13:S42,">0")/($D$43*2) -> #DIV/0! | U44: =COUNTIF(T13:V42,">0")/($D$43*2) -> #DIV/0! | X44: =COUNTIF(W13:Y42,">0")/($D$43*2) -> #DIV/0! | AA44: =COUNTIF(Z13:AB42,">0")/($D$43*2) -> #DIV/0!
D45: % SCORE VS. ATTRIBUTE(2) -> | F45: =IF(E11="","Known",COUNTIF(E13:G42,">0")/($C$42*3)) -> 0 | I45: =IF(H11="","Known",COUNTIF(H13:J42,">0")/($C$42*3)) -> 0 | L45: =IF(K11="","Known",COUNTIF(K13:M42,">0")/($C$42*3)) -> 0 | O45: =IF(N11="","Known",COUNTIF(N13:P42,">0")/($C$42*3)) -> 0 | R45: =IF(Q11="","Known",COUNTIF(Q13:S42,">0")/($C$42*3)) -> 0 | U45: =IF(T11="","Known",COUNTIF(T13:V42,">0")/($C$42*3)) -> 0 | X45: =IF(W11="","Known",COUNTIF(W13:Y42,">0")/($C$42*3)) -> 0 | AA45: =IF(Z11="","Known",COUNTIF(Z13:AB42,">0")/($C$42*3)) -> 0
L47: SCREEN % EFFECTIVE SCORE(3) -> | M47: =COUNTIF(E13:AB42,">0") / N47 -> #DIV/0! | N47: =COUNTIF(E13:AB42, "=-1") + COUNTIF(E13:AB42, "=0") + COUNTIF(E13:AB42, "=1") -> 0
L48: SCREEN % EFFECTIVE SCORE vs. ATTRIBUTE (4) -> | M48: =IF((COUNTA(AC13:AC43)-COUNTBLANK(AD13:AD43))<=0,"",COUNTIF(AD13:AD43,"Y")/(COUNTA(AC13:AC43)-COUNTBLANK(AD13:AD43)))
C50: Note:
C51: (1) | D51: Operator agrees with him/herself on both trials
C52: (2) | D52: Operator agrees on both trials with the known standard
C53: (3) | D53: All operators agreed within and between themselves
C54: (4) | D54: All operators agreed within and between themselves AND agreed with the known standard
C55: (5) | D55: Enter Pass/FALHA, Good/Bad, Accept/Reject or other labels which indicate status of inspection
C58: 72 | D58: Good | E58: =$C$58-(SUM(E42:G42)+SUM(E35:G40)+SUM(E31:G33)+SUM(E24:G29)+SUM(E19:G22)+SUM(E15:G17)+SUM(E13:G13)) -> 72 | H58: =$C$58-(SUM(H42:J42)+SUM(H35:J40)+SUM(H31:J33)+SUM(H24:J29)+SUM(H19:J22)+SUM(H15:J17)+SUM(H13:J13)) -> 72 | K58: =$C$58-(SUM(K42:M42)+SUM(K35:M40)+SUM(K31:M33)+SUM(K24:M29)+SUM(K19:M22)+SUM(K15:M17)+SUM(K13:M13)) -> 72 | N58: =$C$58-(SUM(N42:P42)+SUM(N35:P40)+SUM(N31:P33)+SUM(N24:P29)+SUM(N19:P22)+SUM(N15:P17)+SUM(N13:P13)) -> 72 | Q58: =$C$58-(SUM(Q42:S42)+SUM(Q35:S40)+SUM(Q31:S33)+SUM(Q24:S29)+SUM(Q19:S22)+SUM(Q15:S17)+SUM(Q13:S13)) -> 72 | T58: =$C$58-(SUM(T42:V42)+SUM(T35:V40)+SUM(T31:V33)+SUM(T24:V29)+SUM(T19:V22)+SUM(T15:V17)+SUM(T13:V13)) -> 72 | W58: =$C$58-(SUM(W42:Y42)+SUM(W35:Y40)+SUM(W31:Y33)+SUM(W24:Y29)+SUM(W19:Y22)+SUM(W15:Y17)+SUM(W13:Y13)) -> 72 | Z58: =$C$58-(SUM(Z42:AB42)+SUM(Z35:AB40)+SUM(Z31:AB33)+SUM(Z24:AB29)+SUM(Z19:AB22)+SUM(Z15:AB17)+SUM(Z13:AB13)) -> 72
C59: 18 | D59: No Good | E59: =$C$59-(SUM(E41:G41)+SUM(E34:G34)+SUM(E30:G30)+SUM(E23:G23)+SUM(E18:G18)+SUM(E14:G14)) -> 18 | H59: =$C$59-(SUM(H41:J41)+SUM(H34:J34)+SUM(H30:J30)+SUM(H23:J23)+SUM(H18:J18)+SUM(H14:J14)) -> 18 | K59: =$C$59-(SUM(K41:M41)+SUM(K34:M34)+SUM(K30:M30)+SUM(K23:M23)+SUM(K18:M18)+SUM(K14:M14)) -> 18 | N59: =$C$59-(SUM(N41:P41)+SUM(N34:P34)+SUM(N30:P30)+SUM(N23:P23)+SUM(N18:P18)+SUM(N14:P14)) -> 18 | Q59: =$C$59-(SUM(Q41:S41)+SUM(Q34:S34)+SUM(Q30:S30)+SUM(Q23:S23)+SUM(Q18:S18)+SUM(Q14:S14)) -> 18 | T59: =$C$59-(SUM(T41:V41)+SUM(T34:V34)+SUM(T30:V30)+SUM(T23:V23)+SUM(T18:V18)+SUM(T14:V14)) -> 18 | W59: =$C$59-(SUM(W41:Y41)+SUM(W34:Y34)+SUM(W30:Y30)+SUM(W23:Y23)+SUM(W18:Y18)+SUM(W14:Y14)) -> 18 | Z59: =$C$59-(SUM(Z41:AB41)+SUM(Z34:AB34)+SUM(Z30:AB30)+SUM(Z23:AB23)+SUM(Z18:AB18)+SUM(Z14:AB14)) -> 18

Sheet Statistical Report
B2: Gage R&R for Attributes
B3: Statistical Report | F3: Report Ref# : | G3: =IF('Data Entry'!$I$9="","",'Data Entry'!$I$9) -> 2023
B5: DATE: | C5: =IF('Data Entry'!$I$5="","",'Data Entry'!$I$5) -> 45182 | F5: PRODUCT: | G5: =IF('Data Entry'!$I$7="","",'Data Entry'!$I$7) -> GP32H
B6: NAME: | C6: =IF('Data Entry'!$I$6="","",'Data Entry'!$I$6) -> Apenas um grande teste | F6: BUSINESS: | G6: =IF('Data Entry'!$I$8="","",'Data Entry'!$I$8) -> WISTRON
B8: Source | C8: All | E8: ='Data Entry'!E$11 -> No user | G8: ='Data Entry'!H$11 -> No user | I8: ='Data Entry'!K$11 -> No user | K8: ='Data Entry'!N$11 -> No user | M8: ='Data Entry'!Q$11 -> No user | O8: ='Data Entry'!T$11 -> No user | Q8: ='Data Entry'!W$11 -> No user | S8: ='Data Entry'!Z$11 -> No user
B9: Metric | C9: Screen % Effective Score3 | D9: Screen % Effective Score vs Attribute4 | E9: % Appraiser1 | F9: %Score vs Attribute2 | G9: % Appraiser1 | H9: %Score vs Attribute2 | I9: % Appraiser1 | J9: %Score vs Attribute2 | K9: % Appraiser1 | L9: %Score vs Attribute2 | M9: % Appraiser1 | N9: %Score vs Attribute2 | O9: % Appraiser1 | P9: %Score vs Attribute2 | Q9: % Appraiser1 | R9: %Score vs Attribute2 | S9: % Appraiser1 | T9: %Score vs Attribute2
B10: Total Inspected | C10: =E10+G10+I10+K10+M10+O10+Q10+S10 -> 0 | D10: =F10+H10+J10+L10+N10+P10+R10+T10 -> 0 | E10: =IF(E8="No user",0,COUNTIF(Calculation!E13:G42,">=-1")) -> 0 | F10: =IF(E8="No user",0,COUNTIF(Calculation!E13:G42,">=-1")) -> 0 | G10: =IF(E8="No user",0,COUNTIF(Calculation!H13:J42,">=-1")) -> 0 | H10: =IF(E8="No user",0,COUNTIF(Calculation!H13:J42,">=-1")) -> 0 | I10: =IF(E8="No user",0,COUNTIF(Calculation!K13:M42,">=-1")) -> 0 | J10: =IF(E8="No user",0,COUNTIF(Calculation!K13:M42,">=-1")) -> 0 | K10: =IF(E8="No user",0,COUNTIF(Calculation!N13:P42,">=-1")) -> 0 | L10: =IF(E8="No user",0,COUNTIF(Calculation!N13:P42,">=-1")) -> 0 | M10: =IF(E8="No user",0,COUNTIF(Calculation!Q13:S42,">=-1")) -> 0 | N10: =IF(E8="No user",0,COUNTIF(Calculation!Q13:S42,">=-1")) -> 0 | O10: =IF(E8="No user",0,COUNTIF(Calculation!T13:V42,">=-1")) -> 0 | P10: =IF(E8="No user",0,COUNTIF(Calculation!T13:V42,">=-1")) -> 0 | Q10: =IF(E8="No user",0,COUNTIF(Calculation!W13:Y42,">=-1")) -> 0 | R10: =IF(E8="No user",0,COUNTIF(Calculation!W13:Y42,">=-1")) -> 0 | S10: =IF(E8="No user",0,COUNTIF(Calculation!Z13:AB42,">=-1")) -> 0 | T10: =IF(E8="No user",0,COUNTIF(Calculation!Z13:AB42,">=-1")) -> 0
B11: # Matched | C11: =E11+G11+I11+K11+M11+O11+Q11+S11 -> 0 | D11: =F11+H11+J11+L11+N11+P11+R11+T11 -> 0 | E11: =IF(E8="No user",0,COUNTIF(Calculation!E13:G42,"=1")) -> 0 | F11: =IF(F8="No user",0,COUNTIF(Calculation!E13:G42,"=1")) -> 0 | G11: =IF(G8="No user",0,COUNTIF(Calculation!H13:J42,"=1")) -> 0 | H11: =IF(H8="No user",0,COUNTIF(Calculation!H13:J42,"=1")) -> 0 | I11: =IF(I8="No user",0,COUNTIF(Calculation!K13:M42,"=1")) -> 0 | J11: =IF(J8="No user",0,COUNTIF(Calculation!K13:M42,"=1")) -> 0 | K11: =IF(K8="No user",0,COUNTIF(Calculation!N13:P42,"=1")) -> 0 | L11: =IF(L8="No user",0,COUNTIF(Calculation!N13:P42,"=1")) -> 0 | M11: =IF(M8="No user",0,COUNTIF(Calculation!Q13:S42,"=1")) -> 0 | N11: =IF(N8="No user",0,COUNTIF(Calculation!Q13:S42,"=1")) -> 0 | O11: =IF(O8="No user",0,COUNTIF(Calculation!T13:V42,"=1")) -> 0 | P11: =IF(P8="No user",0,COUNTIF(Calculation!T13:V42,"=1")) -> 0 | Q11: =IF(Q8="No user",0,COUNTIF(Calculation!W13:Y42,"=1")) -> 0 | R11: =IF(R8="No user",0,COUNTIF(Calculation!W13:Y42,"=1")) -> 0 | S11: =IF(S8="No user",0,COUNTIF(Calculation!Z13:AB42,"=1")) -> 0 | T11: =IF(T8="No user",0,COUNTIF(Calculation!Z13:AB42,"=1")) -> 0
B12: Total parts | C12: ='Data Entry'!D43 -> 0
B13: Score | C13: =IF(C10=0,"",C11/C10) | D13: =IF(D10=0,"",D11/D10) | E13: =IF(OR(E8="No user", E11=0), "", E11/E10) | F13: =IF(OR(F8="No user", F11=0), "", F11/F10) | G13: =IF(OR(G8="No user", G11=0), "", G11/G10) | H13: =IF(OR(H8="No user", H11=0), "", H11/H10) | I13: =IF(OR(I8="No user", I11=0), "", I11/I10) | J13: =IF(OR(I8="No user", J11=0), "", J11/J10) | K13: =IF(OR(K8="No user", K11=0), "", K11/K10) | L13: =IF(OR(K8="No user", L11=0), "", L11/L10) | M13: =IF(OR(M8="No user", M11=0), "", M11/M10) | N13: =IF(OR(M8="No user", N11=0), "", N11/N10) | O13: =IF(OR(O8="No user", O11=0), "", O11/O10) | P13: =IF(OR(O8="No user", P11=0), "", P11/P10) | Q13: =IF(OR(Q8="No user", Q11=0), "", Q11/Q10) | R13: =IF(OR(Q8="No user", R11=0), "", R11/R10) | S13: =IF(OR(S8="No user", S11=0), "", S11/S10) | T13: =IF(OR(S8="No user", T11=0), "", T11/T10)
B14: Standard deviation Score | D14: =_xlfn.STDEV.S(E13,G13,I13,K13,M13,O13,Q13,S13) -> #DIV/0!
B15: Result | C15: =IF(C13="","",IF(C13<$C$40,$C$37,IF(C13>=$E$40,$E$37,$D$37))) | D15: =IF(D13="","",IF(D13<$C$40,$C$37,IF(D13>=$E$40,$E$37,$D$37))) | E15: =IF(E13="","",IF(E13<$C$40,$C$37,IF(E13>=$E$40,$E$37,$D$37))) | F15: =IF(F13="","",IF(F13<$C$40,$C$37,IF(F13>=$E$40,$E$37,$D$37))) | G15: =IF(G13="","",IF(G13<$C$40,$C$37,IF(G13>=$E$40,$E$37,$D$37))) | H15: =IF(H13="","",IF(H13<$C$40,$C$37,IF(H13>=$E$40,$E$37,$D$37))) | I15: =IF(I13="","",IF(I13<$C$40,$C$37,IF(I13>=$E$40,$E$37,$D$37))) | J15: =IF(J13="","",IF(J13<$C$40,$C$37,IF(J13>=$E$40,$E$37,$D$37))) | ... T15: =IF(T13="","",IF(T13<$C$40,$C$37,IF(T13>=$E$40,$E$37,$D$37)))
B17: Assessment Disagreement | E17: Quantity | F17: % | G17: Quantity | H17: % | I17: Quantity | J17: % | K17: Quantity | L17: % | M17: Quantity | N17: % | O17: Quantity | P17: % | Q17: Quantity | R17: % | S17: Quantity | T17: %
B18: False Negative (rejected good product) | E18: =IF(E8="No user",0,COUNTIF(Calculation!E13:G42,"=0")) -> 0 | F18: =IF($G$29=0,"",E18/$G$29) | G18: =IF(G8="No user",0,COUNTIF(Calculation!H13:J42,"=0")) -> 0 | H18: =IF($G$29=0,"",G18/$G$29) | I18: =IF(I8="No user",0,COUNTIF(Calculation!K13:M42,"=0")) -> 0 | J18: =IF($G$29=0,"",I18/$G$29) | K18: =IF(K8="No user",0,COUNTIF(Calculation!N13:P42,"=0")) -> 0 | L18: =IF($G$29=0,"",K18/$G$29) | M18: =IF(M8="No user",0,COUNTIF(Calculation!Q13:S42,"=0")) -> 0 | N18: =IF($G$29=0,"",M18/$G$29) | O18: =IF(O8="No user",0,COUNTIF(Calculation!T13:V42,"=0")) -> 0 | P18: =IF($G$29=0,"",O18/$G$29) | Q18: =IF(Q8="No user",0,COUNTIF(Calculation!W13:Y42,"=0")) -> 0 | R18: =IF($G$29=0,"",Q18/$G$29) | S18: =IF(S8="No user",0,COUNTIF(Calculation!Z13:AB42,"=0")) -> 0 | T18: =IF($G$29=0,"",S18/$G$29)
B19: False Positive (accepted bad product) | E19: =IF(E9="No user",0,COUNTIF(Calculation!E14:G43,"=-1")) -> 0 | F19: =IF($G$29=0,"",E19/$G$29) | G19: =IF(G9="No user",0,COUNTIF(Calculation!H14:J43,"=-1")) -> 0 | H19: =IF($G$29=0,"",G19/$G$29) | I19: =IF(I9="No user",0,COUNTIF(Calculation!K14:M43,"=-1")) -> 0 | J19: =IF($G$29=0,"",I19/$G$29) | K19: =IF(K9="No user",0,COUNTIF(Calculation!N14:P43,"=-1")) -> 0 | L19: =IF($G$29=0,"",K19/$G$29) | M19: =IF(M9="No user",0,COUNTIF(Calculation!Q14:S43,"=-1")) -> 0 | N19: =IF($G$29=0,"",M19/$G$29) | O19: =IF(O9="No user",0,COUNTIF(Calculation!T14:V43,"=-1")) -> 0 | P19: =IF($G$29=0,"",O19/$G$29) | Q19: =IF(Q9="No user",0,COUNTIF(Calculation!W14:Y43,"=-1")) -> 0 | R19: =IF($G$29=0,"",Q19/$G$29) | S19: =IF(S9="No user",0,COUNTIF(Calculation!Z14:AB43,"=-1")) -> 0 | T19: =IF($G$29=0,"",S19/$G$29)
B20: Mixed (decisions are not repeated) | E20: =SUM(E18:E19) -> 0 | F20: =IF($G$29=0,"",E20/$G$29) | G20: =SUM(G18:G19) -> 0 | H20: =IF($G$29=0,"",G20/$G$29) | I20: =SUM(I18:I19) -> 0 | J20: =IF($G$29=0,"",I20/$G$29) | K20: =SUM(K18:K19) -> 0 | L20: =IF($G$29=0,"",K20/$G$29) | M20: =SUM(M18:M19) -> 0 | N20: =IF($G$29=0,"",M20/$G$29) | O20: =SUM(O18:O19) -> 0 | P20: =IF($G$29=0,"",O20/$G$29) | Q20: =SUM(Q18:Q19) -> 0 | R20: =IF($G$29=0,"",Q20/$G$29) | S20: =SUM(S18:S19) -> 0 | T20: =IF($G$29=0,"",S20/$G$29)
B21: Result | F21: =IF(OR(F18="",F19=""),"",IF(OR(F18>C38,F19>C39),C37,IF(AND(F18<=E38,F19<=E39),E37,D37))) | H21: =IF(OR(H18="",H19=""),"",IF(OR(H18>$C$38,H19>$C$39),$C$37,IF(AND(H18<=$E$38,H19<=$E$39),$E$37,$D$37))) | J21: =IF(OR(J18="",J19=""),"",IF(OR(J18>$C$38,J19>$C$39),$C$37,IF(AND(J18<=$E$38,J19<=$E$39),$E$37,$D$37))) | L21: =IF(OR(L18="",L19=""),"",IF(OR(L18>$C$38,L19>$C$39),$C$37,IF(AND(L18<=$E$38,L19<=$E$39),$E$37,$D$37))) | N21: =IF(OR(N18="",N19=""),"",IF(OR(N18>$C$38,N19>$C$39),$C$37,IF(AND(N18<=$E$38,N19<=$E$39),$E$37,$D$37))) | P21: =IF(OR(P18="",P19=""),"",IF(OR(P18>$C$38,P19>$C$39),$C$37,IF(AND(P18<=$E$38,P19<=$E$39),$E$37,$D$37))) | R21: =IF(OR(R18="",R19=""),"",IF(OR(R18>$C$38,R19>$C$39),$C$37,IF(AND(R18<=$E$38,R19<=$E$39),$E$37,$D$37))) | T21: =IF(OR(T18="",T19=""),"",IF(OR(T18>$C$38,T19>$C$39),$C$37,IF(AND(T18<=$E$38,T19<=$E$39),$E$37,$D$37)))
B23: Statistical geral
B24: Lowest score | C24: =LARGE(E13:T13,1) -> #VALUE! | D24: Nº Piece with most discrepancies | G24: =INDEX(Calculation!C13:C42, MATCH(MAX(Calculation!AE13:AE42), Calculation!AE13:AE42, 0)) -> 1
B25: Highest score | C25: =SMALL(E13:T13,1) -> #VALUE!
B26: Quantity of parts that all operators disagree on | C26: =SUM(Calculation!AD13:AD42) -> 0
B27: Quantity of parts that all operators agree on | C27: =SUM(Calculation!AC13:AC42) -> 0
B28: Responses status | E28: ='Data Entry'!$D$7 -> GOOD | F28: ='Data Entry'!$D$8 -> NO GOOD | G28: TOTAL
E29: =COUNTIF('Data Entry'!E13:AB42,'Statistical Report'!E28) -> 0 | F29: =COUNTIF('Data Entry'!E13:AB42,'Statistical Report'!F28) -> 0 | G29: =E29+F29 -> 0
B36: Acceptance Criteria: | F36: Foot Notes
C37: Reject | D37: Marginal | E37: Accept | F37: (1) Operator agrees with him/herself on both trials.
B38: False Negative | C38: 0.1 | D38: =E38*100&"% - "&C38*100&"%" -> 5% - 10% | E38: 0.05 | F38: (2) Operator agrees on both trials with the known standard
B39: False Positive | C39: 0.05 | D39: =E39*100&"% - "&C39*100&"%" -> 2% - 5% | E39: 0.02 | F39: (3) All operators agreed within and between themselves
B40: Effectiveness | C40: 0.8 | D40: =C40*100&"% - "&E40*100&"%" -> 80% - 90% | E40: 0.9 | F40: (4) All operators agreed within & between themselves AND agreed with the known standard
B41: Kappa Value | C41: 0.4 | D41: =C41&" - "&E41 -> 0,4 - 0,75 | E41: 0.75
B42: *Marginal = Marginally acceptable for the appraiser – may need improvement
B44: Conclusion: | C44: =IF(COUNTIF(C15:CL21,C37)>0,C37,IF(COUNTIF(C15:CL21,D37)>0,D37,E37)) -> Accept
B45: Remark:
B50: Prepared By: William Felipe Crepaldi | E50: Reviewed By: Teodorico Neto | H50: Approved By:
B53: Name | D53: Date | E53: Name | G53: Date | H53: Name | J53: Date

Sheet Graphics
